<?xml version="1.0" encoding="UTF-8"?>
<project-private xmlns="http://www.netbeans.org/ns/project-private/1">
    <editor-bookmarks xmlns="http://www.netbeans.org/ns/editor-bookmarks/2" lastBookmarkId="0"/>
    <open-files xmlns="http://www.netbeans.org/ns/projectui-open-files/2">
        <group>
            <file>file:/C:/Users/sriok/OneDrive/Documents/app%20java/APDabar/src/apdabar/APDabar.java</file>
            <file>file:/C:/Users/sriok/OneDrive/Documents/app%20java/APDabar/src/Dabar/Koneksi.java</file>
            <file>file:/C:/Users/sriok/OneDrive/Documents/app%20java/APDabar/src/Dabar/Home.java</file>
        </group>
    </open-files>
</project-private>
